obs_id,station,mode,sub_mode,intent,notes,observer,reference,utc_start,obs_duration,loop_duration,loop_rest_interval,lst_start,start_channel,n_channel,start_frequency,obs_bandwidth,samples_per_frame,time_resolution,n_timesteps,tracking,source_name,right_ascension,declination,altitude,azimuth,obs_date,n_files,size_mb,qa
eb-t0001-20240801-00004,,antenna-bandpass, ,,,,,2024-08-01 08:40:11.818,,,,13.149,,,,,,,,,,,,,,,16,537.32,
eb-t0001-20240805-00003,,antenna-bandpass, ,,,,,2024-08-05 08:59:43.989,,,,13.738,,,,,,,,,,,,,,,16,1074.84,
eb-t0001-20240805-00004,,correlator,sweep,,,,,2024-08-05 12:53:19.000,1525.70981359482,,,17.642,64,385,50.0,300.78125,,1.98180864,2,,,,,,,,385,816.97,
eb-t0001-20240805-00011,,antenna-bandpass, ,,,,,2024-08-05 18:23:20.590,,,,23.157,,,,,,,,,,,,,,,16,537.25,
eb-t0001-20240806-00001,,correlator,sweep,,,,,2024-08-06 04:22:32.000,1525.70981383324,,,9.171,64,385,50.0,300.78125,,1.98180864,2,,,,,,,,385,813.81,
eb-t0001-20240806-00002,,channel-voltages,sweep,,,,,2024-08-06 07:11:28.003,,,,11.994,,,,,,,,,,,,,,,2,67.16,
eb-t0001-20240806-00003,,correlator,sweep,,,,,2024-08-06 13:57:08.000,388.15165448189,,,18.774,64,98,50.0,76.5625,,1.98180864,2,,,,,,,,98,207.96,
eb-t0001-20240807-00002,,antenna-bandpass, ,,,,,2024-08-07 09:38:43.898,1525.70981359481,,,14.521,64,385,50.0,300.78125,,1.98180864,2,,,,,,,,18,4285.65,
eb-t0001-20240807-00002,,antenna-bandpass, ,,,,,2024-08-07 09:38:43.898,1525.70981359481,,,14.521,64,385,50.0,300.78125,,1.98180864,2,,,,,,,,18,4285.65,
eb-t0001-20240807-00003,,antenna-bandpass, ,,,,,2024-08-07 16:40:23.198,,,,21.568,,,,,,,,,,,,,,,16,1074.91,
eb-t0001-20240807-00004,,antenna-bandpass, ,,,,,2024-08-07 16:56:27.314,,,,21.837,,,,,,,,,,,,,,,16,1074.91,
eb-t0001-20240808-00013,,antenna-bandpass, ,,,,,2024-08-08 04:21:05.276,,,,9.278,,,,,,,,,,,,,,,16,537.51,
eb-t0001-20240808-00015,,correlator,sweep,,,,,2024-08-08 06:18:32.000,1525.70981383323,,,11.241,64,385,50.0,300.78125,,1.98180864,2,,,,,,,,385,815.91,
eb-t0001-20240808-00024,,channel-voltages,sweep,,,,,2024-08-08 11:15:29.000,,,,16.204,,,,,,,,,,,,,,,2,67.16,
eb-t0001-20240813-00002,,correlator,sweep,,,,,2024-08-13 05:02:33.003,1524.01084423065,,,10.3,64,385,50.0,300.78125,,1.98180864,2,,,,,,,,385,816.97,
eb-t0001-20240813-00003,,beamformer,power,,,,,2024-08-13 06:56:06.959,18222.93324542046,,,12.198,,384,,,,0.28311552,610,,,,,,,,5,31.83,
eb-t0001-20240813-00004,,beamformer,power,,,,,2024-08-13 17:20:05.679,26.32974338531,,,22.626,,384,,,,0.28311552,94,,,,,,,,1,6.37,
eb-t0001-20240814-00001,,correlator,sweep,,,,,2024-08-14 03:38:16.000,1525.70981383324,,,8.957,64,385,50.0,300.78125,,1.98180864,2,,,,,,,,385,816.97,
eb-t0001-20240814-00002,,correlator,sweep,,,,,2024-08-14 04:24:20.000,1525.70981383324,,,9.727,64,385,50.0,300.78125,,1.98180864,2,,,,,,,,385,816.97,
eb-t0001-20240814-00003,,correlator,sweep,,,,,2024-08-14 06:09:15.000,13.58982157707,,,11.48,64,6,50.0,4.6875,,1.98180864,1,,,,,,,,6,6.42,
eb-t0001-20240814-00004,,correlator,sweep,,,,,2024-08-14 06:11:59.000,13.58982157707,,,11.526,64,6,50.0,4.6875,,1.98180864,1,,,,,,,,6,6.42,
eb-t0001-20240814-00005,,correlator,sweep,,,,,2024-08-14 06:17:25.000,764.69529604912,,,11.617,64,385,50.0,300.78125,,1.98180864,1,,,,,,,,385,411.69,
eb-t0001-20240814-00006,,correlator,sweep,,,,,2024-08-14 06:59:19.000,764.69529604912,,,12.317,64,385,50.0,300.78125,,1.98180864,1,,,,,,,,385,411.69,
eb-t0001-20240815-00001,,correlator,sweep,,,,,2024-08-15 04:03:53.000,764.69529604911,,,9.451,64,385,50.0,300.78125,,1.98180864,1,,,,,,,,385,411.69,
eb-t0001-20240815-00002,,correlator,sweep,,,,,2024-08-15 12:43:25.000,1525.70981383324,,,18.133,64,385,50.0,300.78125,,1.98180864,2,,,,,,,,385,816.97,
eb-t0001-20240816-00005,,adc-samples,synchronous,,,,,2024-08-16 04:18:03.425,5.12e-06,,,9.753,,,,,,1.25e-09,4096,,,,,,,,15,19.93,
eb-t0001-20240816-00008,,beamformer,power,,,,,2024-08-16 04:27:03.770,0.84934663773,,,9.904,,384,,,,0.28311552,4,,,,,,,,1,6.37,
eb-t0001-20240816-00011,,beamformer,power,,,,,2024-08-16 05:56:28.047,178.36277747154,,,11.398,,384,,,,0.28311552,631,,,,,,,,1,6.37,
eb-t0001-20240816-00016,,correlator,sweep,,,,,2024-08-16 06:37:46.000,651.16597270965,,,12.088,64,328,50.0,256.25,,1.98180864,1,,,,,,,,328,350.73,
eb-t0001-20240816-00023,,correlator,sweep,,,,,2024-08-16 07:49:34.000,764.69529604912,,,13.288,64,385,50.0,300.78125,,1.98180864,1,,,,,,,,385,411.69,
eb-t0001-20240819-00002,,correlator,sweep,,,,,2024-08-19 05:08:41.003,1524.01084423065,,,10.797,64,385,50.0,300.78125,,1.98180864,2,,,,,,,,385,816.97,
eb-t0001-20240819-00004,,antenna-bandpass, ,,,,,2024-08-19 07:18:54.576,,,,12.973,,,,,,,,,,,,,,,16,1075.3,
eb-t0001-20240819-00007,,correlator,sweep,,,,,2024-08-19 08:03:35.000,764.69529604912,,,13.72,64,385,50.0,300.78125,,1.98180864,1,,,,,,,,385,411.69,
eb-t0001-20240819-00008,,antenna-bandpass, ,,,,,2024-08-19 08:07:28.297,,,,13.785,,,,,,,,,,,,,,,16,537.32,
eb-t0001-20240819-00009,,antenna-bandpass, ,,,,,2024-08-19 08:27:43.596,,,,14.123,,,,,,,,,,,,,,,16,1074.84,
eb-t0001-20240820-00001,,beamformer,power,,,,,2024-08-20 01:29:21.019,32.8414003849,,,7.197,,384,,,,0.28311552,117,,,,,,,,1,6.37,
eb-t0001-20240820-00002,,beamformer,power,,,,,2024-08-20 01:38:49.411,36.23878669739,,,7.355,,384,,,,0.28311552,129,,,,,,,,1,6.37,
eb-t0001-20240820-00003,,correlator,sweep,,,,,2024-08-20 02:59:34.000,764.69529604912,,,8.704,64,385,50.0,300.78125,,1.98180864,1,,,,,,,,385,411.69,
eb-t0001-20240820-00004,,correlator,sweep,,,,,2024-08-20 03:12:14.000,764.69529604912,,,8.916,64,385,50.0,300.78125,,1.98180864,1,,,,,,,,385,411.69,
eb-t0001-20240820-00005,,antenna-bandpass, ,,,,,2024-08-20 03:33:11.594,,,,9.266,,,,,,,,,,,,,,,16,537.78,
eb-t0001-20240820-00006,,correlator,sweep,,,,,2024-08-20 03:34:17.000,764.69529604911,,,9.285,64,385,50.0,300.78125,,1.98180864,1,,,,,,,,385,411.69,
eb-t0001-20240820-00007,,antenna-bandpass, ,,,,,2024-08-20 04:35:17.633,,,,10.304,,,,,,,,,,,,,,,16,537.25,
eb-t0001-20240820-00008,,antenna-bandpass, ,,,,,2024-08-20 04:53:19.291,,,,10.606,,,,,,,,,,,,,,,16,537.32,
eb-t0001-20240820-00009,,antenna-bandpass, ,,,,,2024-08-20 05:20:48.699,,,,11.065,,,,,,,,,,,,,,,16,537.25,
eb-t0001-20240820-00010,,correlator,sweep,,,,,2024-08-20 05:42:38.000,764.69529604911,,,11.43,64,385,50.0,300.78125,,1.98180864,1,,,,,,,,385,411.69,
eb-t0001-20240820-00011,,antenna-bandpass, ,,,,,2024-08-20 06:54:18.705,,,,12.628,,,,,,,,,,,,,,,16,1075.3,
eb-t0001-20240820-00012,,beamformer,power,,,,,2024-08-20 07:57:15.320,597.93997836113,,,13.68,,384,,,,0.28311552,2113,,,,,,,,1,19.05,
eb-t0001-20240820-00016,,antenna-bandpass, ,,,,,2024-08-20 08:48:10.592,,,,14.531,,,,,,,,,,,,,,,16,537.78,
eb-t0001-20240820-00017,,beamformer,power,,,,,2024-08-20 08:52:25.222,597.93997812271,,,14.601,,384,,,,0.28311552,2113,,,,,,,,1,19.05,
eb-t0001-20240820-00018,,beamformer,power,,,,,2024-08-20 09:06:18.013,597.93997836113,,,14.833,,384,,,,0.28311552,2113,,,,,,,,1,19.05,
eb-t0001-20240820-00019,,antenna-bandpass, ,,,,,2024-08-20 09:37:30.180,,,,15.355,,,,,,,,,,,,,,,16,1074.84,
eb-t0001-20240820-00020,,correlator,sweep,,,,,2024-08-20 11:27:04.000,764.69529604912,,,17.186,64,384,50.0,300.0,,1.98180864,1,,,,,,,,384,410.62,
eb-t0001-20240820-00021,,correlator,sweep,,,,,2024-08-20 13:02:27.000,764.69529604912,,,18.78,64,385,50.0,300.78125,,1.98180864,1,,,,,,,,385,411.69,
eb-t0001-20240820-00022,,correlator,sweep,,,,,2024-08-20 13:23:05.000,764.69529604911,,,19.125,64,385,50.0,300.78125,,1.98180864,1,,,,,,,,385,411.69,
eb-t0001-20240820-00023,,antenna-bandpass, ,,,,,2024-08-20 13:40:44.176,,,,19.42,,,,,,,,,,,,,,,16,537.25,
eb-t0001-20240820-00024,,antenna-bandpass, ,,,,,2024-08-20 13:44:31.977,,,,19.483,,,,,,,,,,,,,,,16,1074.84,
eb-t0001-20240821-00001,,beamformer,power,,,,,2024-08-21 01:29:52.472,597.93997836113,,,7.271,,384,,,,0.28311552,2113,,,,,,,,1,19.05,
eb-t0001-20240821-00002,,beamformer,power,,,,,2024-08-21 02:36:09.168,597.93997836113,,,8.379,,384,,,,0.28311552,2113,,,,,,,,1,19.05,
eb-t0001-20240821-00003,,beamformer,power,,,,,2024-08-21 02:54:09.450,597.93997812271,,,8.68,,384,,,,0.28311552,2113,,,,,,,,1,19.05,
eb-t0001-20240821-00004,,correlator,sweep,,,,,2024-08-21 03:27:48.000,764.69529604911,,,9.242,64,385,50.0,300.78125,,1.98180864,1,,,,,,,,385,411.69,
eb-t0001-20240821-00006,,beamformer,power,,,,,2024-08-21 04:06:47.244,40.2024037838,,,9.894,,384,,,,0.28311552,143,,,,,,,,1,6.37,
eb-t0001-20240821-00007,,beamformer,power,,,,,2024-08-21 04:08:39.714,598.50620913506,,,9.925,,384,,,,0.28311552,2115,,,,,,,,1,19.05,
eb-t0001-20240821-00008,,beamformer,power,,,,,2024-08-21 05:01:56.789,78.42299890518,,,10.815,,384,,,,0.28311552,278,,,,,,,,1,6.37,
eb-t0001-20240821-00009,,beamformer,power,,,,,2024-08-21 05:04:17.144,451.003023386,,,10.855,,384,,,,0.28311552,1594,,,,,,,,1,12.71,
eb-t0001-20240821-00010,,beamformer,power,,,,,2024-08-21 05:12:41.779,123.43836665154,,,10.995,,384,,,,0.28311552,437,,,,,,,,1,6.37,
eb-t0001-20240821-00011,,beamformer,power,,,,,2024-08-21 05:15:37.364,421.2758936882,,,11.044,,384,,,,0.28311552,1489,,,,,,,,1,12.71,
eb-t0001-20240821-00012,,beamformer,power,,,,,2024-08-21 05:34:18.101,129.1006770134,,,11.356,,384,,,,0.28311552,457,,,,,,,,1,6.37,
eb-t0001-20240821-00013,,beamformer,power,,,,,2024-08-21 05:37:17.816,280.85059595108,,,11.406,,384,,,,0.28311552,993,,,,,,,,1,6.37,
eb-t0001-20240821-00014,,beamformer,power,,,,,2024-08-21 05:42:48.902,290.47652339935,,,11.498,,384,,,,0.28311552,1027,,,,,,,,1,12.71,
eb-t0001-20240821-00015,,beamformer,power,,,,,2024-08-21 05:48:50.108,598.50620937347,,,11.599,,384,,,,0.28311552,2115,,,,,,,,1,19.05,
eb-t0001-20240821-00016,,beamformer,power,,,,,2024-08-21 06:02:33.129,318.7880756855,,,11.828,,384,,,,0.28311552,1127,,,,,,,,1,12.71,
eb-t0001-20240821-00017,,beamformer,power,,,,,2024-08-21 06:08:45.601,193.08478474617,,,11.932,,384,,,,0.28311552,683,,,,,,,,1,6.37,
eb-t0001-20240821-00018,,beamformer,power,,,,,2024-08-21 06:13:44.531,420.42654728889,,,12.015,,384,,,,0.28311552,1486,,,,,,,,1,12.71,
eb-t0001-20240821-00019,,beamformer,power,,,,,2024-08-21 06:42:03.253,122.02278900146,,,12.488,,384,,,,0.28311552,432,,,,,,,,1,6.37,
eb-t0001-20240821-00020,,beamformer,power,,,,,2024-08-21 06:52:46.562,46.71406078339,,,12.668,,384,,,,0.28311552,166,,,,,,,,1,6.37,
eb-t0001-20240821-00021,,beamformer,power,,,,,2024-08-21 06:55:43.943,598.50620937347,,,12.717,,384,,,,0.28311552,2115,,,,,,,,1,19.05,
eb-t0001-20240821-00022,,beamformer,power,,,,,2024-08-21 07:14:53.085,1798.34978318214,,,13.037,,384,,,,0.28311552,6353,,,,,,,,1,44.4,
eb-t0001-20240821-00023,,beamformer,power,,,,,2024-08-21 07:48:01.885,598.50620937347,,,13.591,,384,,,,0.28311552,2115,,,,,,,,1,19.05,
eb-t0001-20240821-00024,,beamformer,power,,,,,2024-08-21 08:59:39.647,389.00072431564,,,14.788,,384,,,,0.28311552,1375,,,,,,,,1,12.71,
eb-t0001-20240822-00004,,correlator,sweep,,,,,2024-08-22 01:53:41.000,764.69529604911,,,7.735,64,385,50.0,300.78125,,1.98180864,1,,,,,,,,385,411.69,
eb-t0001-20240822-00009,,beamformer,power,,,,,2024-08-22 02:51:06.822,597.93997836113,,,8.695,,384,,,,0.28311552,2113,,,,,,,,1,19.05,
eb-t0001-20240822-00010,,beamformer,power,,,,,2024-08-22 03:03:44.473,393.24745726585,,,8.906,,384,,,,0.28311552,1390,,,,,,,,1,12.71,
eb-t0001-20240822-00011,,beamformer,power,,,,,2024-08-22 03:11:28.738,598.50620937347,,,9.035,,384,,,,0.28311552,2115,,,,,,,,1,19.05,
eb-t0001-20240822-00012,,beamformer,power,,,,,2024-08-22 03:47:49.736,172.13423633575,,,9.642,,384,,,,0.28311552,609,,,,,,,,1,6.37,
eb-t0001-20240822-00014,,beamformer,power,,,,,2024-08-22 04:04:30.392,1929.52737784386,,,9.921,,384,,,,0.28311552,12650,,,,,,,,2,50.77,
eb-t0001-20240822-00015,,beamformer,power,,,,,2024-08-22 04:46:46.924,1257.5991396904,,,10.628,,384,,,,0.28311552,4443,,,,,,,,1,31.72,
eb-t0001-20240822-00016,,beamformer,power,,,,,2024-08-22 05:07:48.509,108.1501288414,,,10.979,,384,,,,0.28311552,383,,,,,,,,1,6.37,
eb-t0001-20240822-00017,,beamformer,power,,,,,2024-08-22 06:52:51.399,75.02561283112,,,12.735,,384,,,,0.28311552,266,,,,,,,,1,6.37,
eb-t0001-20240822-00018,,beamformer,power,,,,,2024-08-22 06:58:02.656,414.19800567627,,,12.821,,384,,,,0.28311552,1464,,,,,,,,1,12.71,
eb-t0001-20240822-00020,,beamformer,power,,,,,2024-08-22 07:06:32.500,1740.59421682358,,,12.963,,384,,,,0.28311552,6149,,,,,,,,1,44.4,
eb-t0001-20240822-00021,,beamformer,power,,,,,2024-08-22 07:43:31.856,978.44723701477,,,13.582,,384,,,,0.28311552,3457,,,,,,,,1,25.38,
eb-t0001-20240822-00025,,beamformer,power,,,,,1970-01-01 00:00:00.000,0.0,,,14.464,,384,,,,0.28311552,177,,,,,,,,1,6.37,
eb-t0001-20240822-00029,,beamformer,power,,,,,1970-01-01 00:00:00.000,0.0,,,14.464,,384,,,,0.28311552,165,,,,,,,,1,6.37,
eb-t0001-20240822-00031,,beamformer,power,,,,,1970-01-01 00:00:00.000,0.0,,,14.464,,384,,,,0.28311552,2113,,,,,,,,1,19.05,
eb-t0001-20240822-00034,,beamformer,power,,,,,1970-01-01 00:00:00.000,0.0,,,14.464,,384,,,,0.28311552,379,,,,,,,,1,6.37,
eb-t0001-20240822-00035,,beamformer,power,,,,,1970-01-01 00:00:00.000,0.0,,,14.464,,384,,,,0.28311552,128,,,,,,,,1,6.37,
eb-t0001-20240822-00046,,beamformer,power,,,,,1970-01-01 00:00:00.000,0.0,,,14.464,,384,,,,0.28311552,199,,,,,,,,1,6.37,
eb-t0001-20240822-00048,,beamformer,power,,,,,2024-08-22 18:12:59.220,14.15577578545,,,0.101,,384,,,,0.28311552,51,,,,,,,,1,6.37,
eb-t0001-20240822-00049,,beamformer,power,,,,,2024-08-22 18:19:42.755,26.6128590107,,,0.214,,384,,,,0.28311552,95,,,,,,,,1,6.37,
eb-t0001-20240823-00008,,beamformer,power,,,,,1970-01-01 00:00:00.000,0.0,,,14.464,,384,,,,0.28311552,1620,,,,,,,,1,12.71,
eb-t0001-20240823-00009,,beamformer,power,,,,,2024-08-23 04:10:07.210,58.32179713249,,,10.081,,384,,,,0.28311552,207,,,,,,,,1,6.37,
eb-t0001-20240823-00010,,beamformer,power,,,,,2024-08-23 04:15:06.357,434.86543869972,,,10.164,,384,,,,0.28311552,1537,,,,,,,,1,12.71,
eb-t0001-20240823-00012,,beamformer,power,,,,,2024-08-23 04:33:20.063,28.31155204773,,,10.469,,96,,,,0.28311552,101,,,,,,,,1,1.62,
eb-t0001-20240823-00014,,beamformer,power,,,,,2024-08-23 04:44:28.877,506.49366545677,,,10.655,,384,,,,0.28311552,1790,,,,,,,,1,12.71,
eb-t0001-20240823-00015,,beamformer,power,,,,,2024-08-23 04:47:03.759,28.31155204773,,,10.698,,96,,,,0.28311552,101,,,,,,,,1,1.62,
eb-t0001-20240823-00016,,beamformer,power,,,,,2024-08-23 04:55:02.910,556.03888130188,,,10.832,,384,,,,0.28311552,1965,,,,,,,,1,12.71,
eb-t0001-20240823-00017,,beamformer,power,,,,,2024-08-23 05:04:23.048,345.96716547012,,,10.988,,384,,,,0.28311552,1223,,,,,,,,1,12.71,
eb-t0001-20240823-00018,,beamformer,power,,,,,2024-08-23 05:11:16.343,279.71813368797,,,11.103,,384,,,,0.28311552,989,,,,,,,,1,6.37,
eb-t0001-20240823-00019,,beamformer,power,,,,,2024-08-23 05:16:57.004,105.60208892822,,,11.198,,384,,,,0.28311552,374,,,,,,,,1,6.37,
eb-t0001-20240823-00020,,beamformer,power,,,,,2024-08-23 05:19:59.019,64.26722288132,,,11.248,,384,,,,0.28311552,228,,,,,,,,1,6.37,
eb-t0001-20240823-00021,,beamformer,power,,,,,2024-08-23 05:21:57.516,82.10350084305,,,11.281,,384,,,,0.28311552,291,,,,,,,,1,6.37,
eb-t0001-20240823-00023,,beamformer,power,,,,,2024-08-23 06:29:07.813,28.31155204773,,,12.404,,96,,,,0.28311552,101,,,,,,,,1,1.62,
eb-t0001-20240823-00024,,beamformer,power,,,,,2024-08-23 06:31:38.238,374.47335934639,,,12.446,,384,,,,0.28311552,1296,,,,,,,,2,12.73,
eb-t0001-20240823-00027,,beamformer,power,,,,,2024-08-23 07:13:12.535,1198.4279961586,,,13.141,,384,,,,0.28311552,4234,,,,,,,,1,31.72,
eb-t0001-20240827-00011,,channel-voltages,sweep,,,,,2024-08-27 02:04:23.003,,,,8.242,,,,,,,,,,,,,,,16,537.25,
eb-t0001-20240827-00012,,beamformer,power,,,,,2024-08-27 02:08:48.047,28.31155204773,,,8.316,,96,,,,0.28311552,101,,,,,,,,1,1.62,
eb-t0001-20240827-00013,,beamformer,power,,,,,2024-08-27 02:08:57.067,1494.8499455452,,,8.319,,384,,,,0.28311552,5281,,,,,,,,1,38.06,
eb-t0001-20240827-00014,,beamformer,power,,,,,2024-08-27 02:47:01.117,1797.7835521698,,,8.955,,384,,,,0.28311552,6351,,,,,,,,1,44.4,
eb-t0001-20240827-00015,,beamformer,power,,,,,2024-08-27 03:24:04.463,2398.55468535423,,,9.574,,384,,,,0.28311552,8473,,,,,,,,1,57.08,
eb-t0001-20240827-00016,,beamformer,power,,,,,2024-08-27 04:59:18.457,2397.70533895493,,,11.166,,384,,,,0.28311552,8470,,,,,,,,1,57.08,
eb-t0001-20240827-00017,,beamformer,power,,,,,2024-08-27 05:56:47.873,3597.5489127636,,,12.126,,384,,,,0.28311552,12708,,,,,,,,1,82.45,
eb-t0001-20240827-00018,,beamformer,power,,,,,2024-08-27 10:03:54.424,53906.61058545113,,,16.256,,384,,,,0.28311552,190406,,,,,,,,1,1179.21,
eb-t0001-20240902-00007,,adc-samples,synchronous,,,,,2024-09-02 03:43:31.320,5.12e-06,,,10.293,,,,,,1.25e-09,4096,,,,,,,,16,21.25,
eb-t0001-20240902-00009,,beamformer,power,,,,,2024-09-02 03:52:48.840,1157.65936136246,,,10.449,,384,,,,0.28311552,4090,,,,,,,,1,25.38,
eb-t0001-20240902-00010,,beamformer,power,,,,,2024-09-02 04:21:34.570,40.48551940918,,,10.929,,384,,,,0.28311552,144,,,,,,,,1,6.37,
eb-t0001-20240902-00011,,correlator,sweep,,,,,2024-09-02 04:24:50.466,764.69529604911,,,10.984,64,384,50.0,300.0,,1.98180864,1,,,,,,,,384,410.62,
eb-t0001-20240902-00012,,correlator,sweep,,,,,2024-09-02 05:39:49.507,487.24208641052,,,12.237,64,245,50.0,191.40625,,1.98180864,1,,,,,,,,245,261.98,
eb-t0001-20240902-00014,,channel-voltages,sweep,,,,,2024-09-02 05:54:20.156,,,,12.48,,,,,,,,,,,,,,,16,537.25,
eb-t0001-20240902-00015,,channel-voltages,sweep,,,,,2024-09-02 14:09:09.030,,,,20.749,,,,,,,,,,,,,,,16,537.25,
eb-t0001-20240903-00005,,beamformer,power,,,,,1970-01-01 00:00:00.000,0.0,,,14.464,,192,,,,0.28311552,278,,,,,,,,1,3.2,
eb-t0001-20240903-00007,,beamformer,power,,,,,1970-01-01 00:00:00.000,0.0,,,14.464,,96,,,,0.28311552,101,,,,,,,,1,1.62,
eb-t0001-20240903-00008,,beamformer,power,,,,,2024-09-03 17:34:06.983,597.93997812271,,,0.24,,192,,,,0.28311552,2113,,,,,,,,1,9.55,
eb-t0001-20240904-00004,,beamformer,power,,,,,2024-09-04 16:05:01.089,58.03868150711,,,22.817,,192,,,,0.28311552,206,,,,,,,,1,3.2,
eb-t0001-20240904-00009,,beamformer,power,,,,,2024-09-04 16:13:34.073,57.75556588173,,,22.96,,8,,,,0.28311552,205,,,,,,,,1,0.17,
eb-t0001-20240904-00011,,channel-voltages,sweep,,,,,2024-09-04 16:20:30.070,,,,23.076,,,,,,,,,,,,,,,32,1074.5,
eb-t0001-20240906-00002,,channel-voltages,sweep,,,,,2024-09-06 02:05:39.811,,,,8.921,,,,,,,,,,,,,,,32,1074.5,
eb-t0001-20240906-00004,,channel-voltages,sweep,,,,,2024-09-06 05:03:27.891,,,,11.892,,,,,,,,,,,,,,,32,1074.5,
eb-t0001-20240906-00006,,channel-voltages,sweep,,,,,2024-09-06 06:10:42.070,,,,13.016,,,,,,,,,,,,,,,16,537.25,
eb-t0001-20240909-00004,,channel-voltages,sweep,,,,,2024-09-09 03:48:19.301,,,,10.833,,,,,,,,,,,,,,,16,537.25,
eb-t0001-20240909-00005,,channel-voltages,sweep,,,,,2024-09-09 03:49:42.949,,,,10.857,,,,,,,,,,,,,,,16,537.25,
eb-t0001-20240909-00006,,beamformer,power,,,,,2024-09-09 03:55:47.767,118.34228754044,,,10.958,,16,,,,0.28311552,419,,,,,,,,1,0.3,
eb-t0001-20240909-00011,,beamformer,power,,,,,2024-09-09 04:04:43.804,117.49294066429,,,11.108,,96,,,,0.28311552,416,,,,,,,,1,1.62,
eb-t0001-20240909-00012,,beamformer,power,,,,,2024-09-09 04:11:21.809,143.53956866264,,,11.219,,96,,,,0.28311552,508,,,,,,,,1,1.62,
eb-t0001-20240909-00016,,beamformer,power,,,,,2024-09-09 04:27:24.050,282.83240437508,,,11.487,,96,,,,0.28311552,1000,,,,,,,,1,1.62,
eb-t0001-20240909-00018,,beamformer,power,,,,,2024-09-09 04:35:08.930,2933.78457593918,,,11.616,,96,,,,0.28311552,8468,,,,,,,,2,16.0,
eb-t0001-20240909-00020,,beamformer,power,,,,,2024-09-09 15:05:47.565,598.50620937347,,,22.156,,16,,,,0.28311552,2115,,,,,,,,1,0.85,
eb-t0001-20240909-00021,,beamformer,power,,,,,2024-09-09 15:20:51.566,553.69875478745,,,22.407,,16,,,,0.28311552,1944,,,,,,,,1,0.57,
eb-t0001-20240909-00024,,correlator,sweep,,,,,2024-09-09 15:31:00.000,102.77121043206,,,22.577,200,51,156.25,39.84375,,1.98180864,1,,,,,,,,51,54.53,
eb-t0001-20240909-00025,,correlator,sweep,,,,,2024-09-09 15:32:53.957,481.57949948311,,,22.609,257,243,200.78125,189.84375,,1.98180864,1,,,,,,,,243,259.84,
eb-t0001-20240909-00026,,beamformer,power,,,,,2024-09-09 15:46:49.566,56.62310385704,,,22.841,,16,,,,0.28311552,201,,,,,,,,1,0.3,
eb-t0001-20240909-00028,,beamformer,power,,,,,2024-09-09 15:49:46.566,220.26387453079,,,22.891,,16,,,,0.28311552,779,,,,,,,,1,0.3,
eb-t0001-20240909-00030,,beamformer,power,,,,,2024-09-09 15:56:07.326,17.55316209793,,,22.997,,16,,,,0.28311552,63,,,,,,,,1,0.3,
eb-t0001-20240909-00031,,beamformer,power,,,,,2024-09-09 15:57:40.566,598.50620913506,,,23.023,,16,,,,0.28311552,2115,,,,,,,,1,0.85,
eb-t0001-20240909-00033,,beamformer,power,,,,,2024-09-09 16:12:18.565,598.50620913506,,,23.267,,16,,,,0.28311552,2115,,,,,,,,1,0.85,
eb-t0001-20240909-00035,,beamformer,power,,,,,2024-09-09 23:25:28.565,598.50620913506,,,6.506,,16,,,,0.28311552,2115,,,,,,,,1,0.85,
eb-t0001-20240909-00037,,beamformer,power,,,,,2024-09-09 23:54:58.566,598.50620937347,,,6.999,,16,,,,0.28311552,2115,,,,,,,,1,0.85,
eb-t0001-20240910-00002,,beamformer,power,,,,,2024-09-10 02:33:05.565,598.50620937347,,,9.642,,16,,,,0.28311552,2115,,,,,,,,1,0.85,
eb-t0001-20240910-00004,,beamformer,power,,,,,2024-09-10 03:25:27.566,598.50620937347,,,10.517,,16,,,,0.28311552,2115,,,,,,,,1,0.85,
eb-t0001-20240910-00006,,beamformer,power,,,,,2024-09-10 03:29:14.565,598.50620937347,,,10.58,,16,,,,0.28311552,2115,,,,,,,,1,0.85,
eb-t0001-20240910-00008,,correlator,sweep,,,,,2024-09-10 03:51:12.000,199.87983369827,,,10.947,200,100,156.25,78.125,,1.98180864,1,,,,,,,,100,106.93,
eb-t0001-20240910-00009,,beamformer,power,,,,,2024-09-10 04:40:16.378,426.93820428848,,,11.767,,384,,,,0.28311552,1509,,,,,,,,1,12.71,
eb-t0001-20240910-00011,,beamformer,power,,,,,2024-09-10 04:57:25.386,1320.1676697731,,,12.054,,384,,,,0.28311552,4664,,,,,,,,1,31.72,
eb-t0001-20240910-00013,,beamformer,power,,,,,2024-09-10 05:27:20.694,653.14750480652,,,12.554,,384,,,,0.28311552,2308,,,,,,,,1,19.05,
eb-t0001-20240910-00017,,beamformer,power,,,,,2024-09-10 05:45:59.217,8.493465662,,,12.866,,384,,,,0.28311552,31,,,,,,,,1,6.37,
eb-t0001-20240910-00025,,beamformer,power,,,,,2024-09-10 05:55:25.572,897.75931406021,,,13.023,,384,,,,0.28311552,3172,,,,,,,,1,25.38,
eb-t0001-20240910-00036,,beamformer,power,,,,,2024-09-10 06:49:34.124,1798.06666755676,,,13.928,,384,,,,0.28311552,6352,,,,,,,,1,44.4,
eb-t0001-20240911-00004,,beamformer,power,,,,,2024-09-11 07:44:17.569,1798.34978294373,,,14.909,,16,,,,0.28311552,6353,,,,,,,,1,1.96,
eb-t0001-20240911-00006,,beamformer,power,,,,,2024-09-11 15:42:34.565,2435.92593407631,,,22.902,,16,,,,0.28311552,8605,,,,,,,,1,2.51,
eb-t0001-20240911-00008,,beamformer,power,,,,,2024-09-11 16:26:39.565,6213.42793726921,,,23.638,,16,,,,0.28311552,4220,,,,,,,,4,2.86,
eb-t0001-20240911-00010,,correlator,sweep,,,,,2024-09-11 18:23:17.000,100.78940153123,,,1.588,200,50,156.25,39.0625,,1.98180864,1,,,,,,,,50,53.47,
eb-t0001-20240911-00011,,correlator,sweep,,,,,2024-09-11 19:07:22.566,,,,2.017,0,51,0.0,39.84375,,0.28311552,3072,,,,,,,,51,54.31,
eb-t0001-20240911-00012,,beamformer,power,,,,,2024-09-11 19:23:10.565,497.15085315704,,,2.588,,8,,,,0.28311552,1757,,,,,,,,1,0.31,
eb-t0001-20240912-00001,,correlator,sweep,,,,,2024-09-12 02:05:06.022,198.18086409569,,,9.306,200,100,156.25,78.125,,1.98180864,1,,,,,,,,100,106.93,
eb-t0001-20240912-00002,,correlator,sweep,,,,,2024-09-12 02:05:53.000,199.87983369827,,,9.319,200,100,156.25,78.125,,1.98180864,1,,,,,,,,100,106.93,
eb-t0001-20240913-00002,,correlator,sweep,,,,,2024-09-13 06:50:06.451,762.99632644653,,,14.134,64,385,50.0,300.78125,,1.98180864,1,,,,,,,,385,411.69,
eb-t0001-20240916-00003,,correlator,sweep,,,,,2024-09-16 04:10:22.798,762.99632644654,,,11.662,64,385,50.0,300.78125,,1.98180864,1,,,,,,,,385,411.69,
eb-t0001-20240916-00005,,correlator,sweep,,,,,2024-09-16 05:24:15.285,762.99632644654,,,12.897,64,385,50.0,300.78125,,1.98180864,1,,,,,,,,385,411.69,
eb-t0001-20240916-00008,,beamformer,power,,,,,2024-09-16 07:46:30.565,1797.50043654442,,,15.274,,8,,,,0.28311552,6350,,,,,,,,1,1.03,
eb-t0001-20240917-00001,,correlator,sweep,,,,,2024-09-17 04:37:39.867,764.69529604911,,,12.184,64,385,50.0,300.78125,,1.98180864,1,,,,,,,,385,411.69,
eb-t0001-20240917-00002,,correlator,sweep,,,,,2024-09-17 05:00:00.000,1525.70981359482,,,12.557,64,385,50.0,300.78125,,1.98180864,2,,,,,,,,385,816.97,
eb-t0001-20240917-00003,,beamformer,power,,,,,2024-09-17 06:03:06.429,58.03868150711,,,13.612,,384,,,,0.28311552,206,,,,,,,,1,6.37,
eb-t0001-20240917-00004,,beamformer,power,,,,,2024-09-17 06:11:04.877,58.03868150711,,,13.745,,384,,,,0.28311552,206,,,,,,,,1,6.37,
eb-t0001-20240917-00005,,beamformer,power,,,,,2024-09-17 06:19:35.893,58.03868150711,,,13.887,,384,,,,0.28311552,206,,,,,,,,1,6.37,
eb-t0001-20240918-00004,,correlator,sweep,,,,,2024-09-18 01:45:04.273,764.69529604911,,,9.365,64,385,50.0,300.78125,,1.98180864,1,,,,,,,,385,411.69,
eb-t0001-20240918-00005,,correlator,sweep,,,,,2024-09-18 01:49:24.000,764.69529604911,,,9.437,64,385,50.0,300.78125,,1.98180864,1,,,,,,,,385,411.69,
eb-t0001-20240918-00007,,beamformer,power,,,,,2024-09-18 02:12:18.767,58.03868174553,,,9.82,,384,,,,0.28311552,206,,,,,,,,1,6.37,
eb-t0001-20240918-00008,,beamformer,power,,,,,2024-09-18 02:14:50.517,57.47245073318,,,9.863,,384,,,,0.28311552,204,,,,,,,,1,6.37,
eb-t0001-20240918-00009,,beamformer,power,,,,,2024-09-18 02:33:28.248,622.74797558784,,,10.174,,384,,,,0.28311552,824,,,,,,,,4,31.8,
eb-t0001-20240918-00010,,beamformer,power,,,,,2024-09-18 02:54:43.256,238.32133626938,,,10.529,,384,,,,0.28311552,414,,,,,,,,2,12.73,
eb-t0001-20240918-00011,,beamformer,power,,,,,2024-09-18 03:07:22.459,898.32112121582,,,10.741,,384,,,,0.28311552,1656,,,,,,,,8,50.93,
eb-t0001-20240918-00012,,beamformer,power,,,,,2024-09-18 03:25:37.022,178.3207526207,,,11.045,,384,,,,0.28311552,414,,,,,,,,2,12.73,
eb-t0001-20240918-00013,,beamformer,power,,,,,2024-09-18 03:34:45.467,898.32112121582,,,11.198,,384,,,,0.28311552,1656,,,,,,,,8,50.93,
eb-t0001-20240918-00014,,correlator,sweep,,,,,2024-09-18 03:42:07.632,764.69529604911,,,11.321,64,385,50.0,300.78125,,1.98180864,1,,,,,,,,385,411.69,
eb-t0001-20240918-00015,,beamformer,power,,,,,2024-09-18 04:22:36.464,3058.32001543045,,,11.998,,384,,,,0.28311552,16920,,,,,,,,8,101.65,
eb-t0001-20240918-00016,,correlator,sweep,,,,,2024-09-18 06:08:04.648,764.69529604912,,,13.761,64,385,50.0,300.78125,,1.98180864,1,,,,,,,,385,411.69,
eb-t0001-20240918-00018,,correlator,sweep,,,,,2024-09-18 07:23:38.000,1525.70981383324,,,15.023,64,385,50.0,300.78125,,1.98180864,2,,,,,,,,385,816.97,
eb-t0001-20240918-00019,,beamformer,power,,,,,2024-09-18 07:52:41.265,58.32179689407,,,15.509,,384,,,,0.28311552,207,,,,,,,,1,6.37,
eb-t0001-20240918-00020,,beamformer,power,,,,,2024-09-18 07:57:18.853,238.3213365078,,,15.586,,384,,,,0.28311552,414,,,,,,,,2,12.73,
eb-t0001-20240918-00021,,beamformer,power,,,,,2024-09-18 08:05:28.152,10018.40320491791,,,15.722,,384,,,,0.28311552,103384,,,,,,,,8,234.78,
eb-t0001-20240919-00002,,beamformer,power,,,,,2024-09-19 01:00:03.660,898.32112121582,,,8.679,,384,,,,0.28311552,1656,,,,,,,,8,50.93,
eb-t0001-20240919-00003,,beamformer,power,,,,,2024-09-19 01:27:29.149,898.32112121582,,,9.137,,384,,,,0.28311552,1656,,,,,,,,8,50.93,
eb-t0001-20240919-00004,,correlator,sweep,,,,,2024-09-19 01:52:41.310,764.69529604912,,,9.558,64,385,50.0,300.78125,,1.98180864,1,,,,,,,,385,411.69,
eb-t0001-20240919-00005,,correlator,sweep,,,,,2024-09-19 01:54:52.000,764.69529604911,,,9.594,64,385,50.0,300.78125,,1.98180864,1,,,,,,,,385,411.69,
eb-t0001-20240919-00007,,beamformer,power,,,,,2024-09-19 02:55:37.314,57.75556612015,,,10.61,,384,,,,0.28311552,205,,,,,,,,1,6.37,
eb-t0001-20240919-00008,,beamformer,power,,,,,2024-09-19 03:06:22.514,12547.72629499435,,,10.79,,384,,,,0.28311552,146202,,,,,,,,6,285.45,
eb-t0001-20240919-00009,,correlator,sweep,,,,,2024-09-19 04:01:43.400,764.69529604911,,,11.715,64,385,50.0,300.78125,,1.98180864,1,,,,,,,,385,411.69,
eb-t0001-20240919-00010,,correlator,sweep,,,,,2024-09-19 05:53:57.015,734.96816635131,,,13.59,64,370,50.0,289.0625,,1.98180864,1,,,,,,,,370,395.65,
eb-t0001-20240919-00011,,correlator,sweep,,,,,2024-09-19 06:06:23.941,17.83627772331,,,13.798,440,9,343.75,7.03125,,1.98180864,1,,,,,,,,9,9.62,
eb-t0001-20240919-00012,,correlator,sweep,,,,,2024-09-19 06:29:02.645,118.62567925453,,,14.177,64,59,50.0,46.09375,,1.98180864,1,,,,,,,,59,63.09,
eb-t0001-20240919-00014,,beamformer,power,,,,,2024-09-19 06:36:49.039,1368.56272888184,,,14.307,,384,,,,0.28311552,412,,,,,,,,2,12.73,
eb-t0001-20240919-00015,,beamformer,power,,,,,2024-09-19 06:59:42.891,37.93747973442,,,14.689,,384,,,,0.28311552,135,,,,,,,,1,6.37,
eb-t0001-20240919-00017,,beamformer,power,,,,,2024-09-19 07:50:35.564,57.47245049477,,,15.539,,384,,,,0.28311552,204,,,,,,,,1,6.37,
eb-t0001-20240919-00018,,beamformer,power,,,,,2024-09-19 08:00:49.301,10018.40541696548,,,15.71,,384,,,,0.28311552,103384,,,,,,,,8,234.78,
eb-t0001-20240919-00021,,antenna-bandpass, ,,,,,2024-09-19 10:05:40.886,,,,17.797,,,,,,,,,,,,,,,16,537.51,
eb-t0001-20240920-00001,,correlator,sweep,,,,,2024-09-20 02:05:04.403,764.69529604912,,,9.831,64,383,50.0,299.21875,,1.98180864,1,,,,,,,,383,409.55,
eb-t0001-20240920-00002,,correlator,sweep,,,,,2024-09-20 03:53:33.956,764.69529604911,,,11.644,64,385,50.0,300.78125,,1.98180864,1,,,,,,,,385,411.69,
eb-t0001-20240920-00003,,correlator,sweep,,,,,2024-09-20 06:06:06.390,764.69529604912,,,13.859,64,384,50.0,300.0,,1.98180864,1,,,,,,,,384,410.62,
eb-t0001-20240920-00005,,correlator,sweep,,,,,2024-09-20 07:50:09.000,1525.70981383323,,,15.598,64,385,50.0,300.78125,,1.98180864,2,,,,,,,,385,816.97,
eb-t0001-20240920-00006,,correlator,sweep,,,,,2024-09-20 12:05:56.000,1525.70981383323,,,19.873,64,385,50.0,300.78125,,1.98180864,2,,,,,,,,385,816.97,
eb-t0001-20240920-00008,,antenna-bandpass, ,,,,,2024-09-20 15:09:47.620,,,,22.945,,,,,,,,,,,,,,,16,2149.83,
eb-t0001-20240920-00011,,antenna-bandpass, ,,,,,2024-09-20 17:55:19.851,,,,1.712,,,,,,,,,,,,,,,16,537.51,
eb-t0001-20240920-00013,,antenna-bandpass, ,,,,,2024-09-20 18:18:59.571,,,,2.107,,,,,,,,,,,,,,,16,537.32,
eb-t0001-20240922-00007,,antenna-bandpass, ,,,,,2024-09-22 15:29:00.052,,,,23.398,,,,,,,,,,,,,,,16,537.32,
eb-t0001-20240922-00008,,correlator,sweep,,,,,2024-09-22 15:36:26.000,1525.70981383323,,,23.522,64,385,50.0,300.78125,,1.98180864,2,,,,,,,,385,816.97,
eb-t0001-20240922-00010,,antenna-bandpass, ,,,,,2024-09-22 16:44:50.302,,,,0.665,,,,,,,,,,,,,,,16,537.32,
eb-t0001-20240923-00001,,antenna-bandpass, ,,,,,2024-09-23 01:28:07.505,,,,9.41,,,,,,,,,,,,,,,16,537.25,
eb-t0001-20240923-00002,,antenna-bandpass, ,,,,,2024-09-23 01:31:46.546,,,,9.471,,,,,,,,,,,,,,,16,537.25,
eb-t0001-20240923-00004,,antenna-bandpass, ,,,,,2024-09-23 01:49:47.254,,,,9.772,,,,,,,,,,,,,,,16,537.32,
eb-t0001-20240925-00002,,correlator,sweep,,,,,2024-09-25 02:32:26.396,764.69529604911,,,10.617,64,385,50.0,300.78125,,1.98180864,1,,,,,,,,385,411.69,
eb-t0001-20240925-00003,,correlator,sweep,,,,,2024-09-25 02:54:32.000,764.69529604911,,,10.986,64,385,50.0,300.78125,,1.98180864,1,,,,,,,,385,411.69,
eb-t0001-20240925-00006,,beamformer,power,,,,,2024-09-25 04:01:50.949,29.35996437073,,,12.111,,384,,,,0.28311552,108,,,,,,,,2,12.73,
eb-t0001-20240925-00007,,beamformer,power,,,,,2024-09-25 04:06:08.566,3238.40360450745,,,12.183,,384,,,,0.28311552,8440,,,,,,,,8,101.65,
eb-t0001-20240925-00008,,correlator,sweep,,,,,2024-09-25 04:32:44.347,764.69529604912,,,12.627,64,385,50.0,300.78125,,1.98180864,1,,,,,,,,385,411.69,
eb-t0001-20240925-00010,,correlator,sweep,,,,,2024-09-25 05:44:02.956,764.69529604912,,,13.819,64,385,50.0,300.78125,,1.98180864,1,,,,,,,,385,411.69,
eb-t0001-20240925-00011,,beamformer,power,,,,,2024-09-25 05:48:45.099,369.74886894226,,,13.897,,384,,,,0.28311552,1307,,,,,,,,1,12.71,
eb-t0001-20240925-00012,,beamformer,power,,,,,2024-09-25 05:59:27.667,85.21777153015,,,14.076,,384,,,,0.28311552,302,,,,,,,,1,6.37,
eb-t0001-20240925-00013,,beamformer,power,,,,,2024-09-25 06:02:04.993,58.32179689407,,,14.12,,384,,,,0.28311552,207,,,,,,,,1,6.37,
eb-t0001-20240925-00014,,beamformer,power,,,,,2024-09-25 06:06:50.013,898.32333302498,,,14.2,,384,,,,0.28311552,1656,,,,,,,,8,50.93,
eb-t0001-20240925-00015,,beamformer,power,,,,,2024-09-25 06:28:30.009,58.32179713249,,,14.562,,384,,,,0.28311552,207,,,,,,,,1,6.37,
eb-t0001-20240925-00016,,beamformer,power,,,,,2024-09-25 06:40:31.566,418.40271353722,,,14.763,,384,,,,0.28311552,414,,,,,,,,2,19.07,
eb-t0001-20240925-00017,,beamformer,power,,,,,2024-09-25 06:57:31.565,3238.40360450745,,,15.047,,384,,,,0.28311552,8440,,,,,,,,8,101.65,
eb-t0001-20240925-00018,,beamformer,power,,,,,2024-09-25 07:57:57.565,10018.40541696548,,,16.057,,384,,,,0.28311552,103384,,,,,,,,8,234.78,
eb-t0001-20240925-00023,,antenna-bandpass, ,,,,,2024-09-25 11:39:41.735,,,,19.763,,,,,,,,,,,,,,,16,537.78,
eb-t0001-20240925-00024,,antenna-bandpass, ,,,,,2024-09-25 16:12:02.035,,,,0.314,,,,,,,,,,,,,,,16,537.51,
eb-t0001-20240926-00003,S8-6,correlator,sweep,Frequency sweeps for delay determination LOW stations,,Charlotte Sobey,https://jira.skatelescope.org/browse/LCO-13,2024-09-26 05:42:21.179,764.69529604912,,,13.856,64,385,50.0,300.78125,,1.98180864,1,,,,,,,,385,411.69,
eb-t0001-20240926-00004,S8-1,correlator,sweep,Frequency sweeps for delay determination LOW stations,,Charlotte Sobey,https://jira.skatelescope.org/browse/LCO-16,2024-09-26 06:03:36.909,764.69529604912,,,14.212,64,385,50.0,300.78125,,1.98180864,1,,,,,,,,385,411.69,
eb-t0001-20240927-00001,S8-6,correlator,sweep,Frequency sweeps for delay determination LOW stations,,Charlotte Sobey,https://jira.skatelescope.org/browse/LCO-15,2024-09-27 03:55:08.022,764.69529604911,,,12.13,64,385,50.0,300.78125,,1.98180864,1,,,,,,,,385,411.69,
eb-t0001-20240927-00002,S8-1,correlator,sweep,Frequency sweeps for delay determination LOW stations,,Charlotte Sobey,https://jira.skatelescope.org/browse/LCO-14,2024-09-27 04:09:11.582,764.69529604911,,,12.365,64,385,50.0,300.78125,,1.98180864,1,,,,,,,,385,411.69,
eb-t0001-20240927-00007,,beamformer,power,,,,,2024-09-27 07:51:49.793,598.50620937347,,,16.086,,384,,,,0.28311552,2115,,,,,,,,1,19.05,
eb-t0001-20240927-00009,,beamformer,power,,,,,2024-09-27 08:31:28.085,894.36192750931,,,16.748,,384,,,,0.28311552,3160,,,,,,,,1,25.38,
eb-t0001-20240927-00010,,beamformer,power,,,,,2024-09-27 08:49:09.718,1084.04932594299,,,17.044,,384,,,,0.28311552,3830,,,,,,,,1,25.38,
eb-t0001-20240927-00011,S8-6,beamformer,power,24 hour zenith drift scan of station beam,"Successful data collection, but repeat requested due to likely poor data quality. (Randall). See eb-t0001-20240928-00001",Charlotte Sobey,https://jira.skatelescope.org/browse/LCO-24,2024-09-27 09:10:40.946,86398.36323857307,,,17.404,,384,,,,0.28311552,305171,zenith,,,,,,,1,1895.61,fail
eb-t0001-20240928-00001,S8-6,beamformer,power,24 hour zenith drift scan of station beam,Repeat of eb-t0001-20240927-00011 due to poor data quality.,Charlotte Sobey,https://jira.skatelescope.org/browse/LCO-24,2024-09-28 10:06:09.897,86398.36323833466,,,18.397,,384,,,,0.28311552,305171,zenith,,,,,,,1,1895.61,
eb-t0001-20241001-00003,,adc-samples,synchronous,,,,,2024-10-01 02:55:00.000,5.12e-06,,,11.388,,,,,,1.25e-09,4096,,,,,,,,16,21.25,
eb-t0001-20241001-00004,S8-6,correlator,sweep,Frequency sweeps for delay determination LOW stations,,Charlotte Sobey,https://jira.skatelescope.org/browse/LCO-17,2024-10-01 03:57:55.051,764.6952958107,,,12.439,64,385,50.0,300.78125,,1.98180864,1,,,,,,,,385,411.69,
eb-t0001-20241001-00005,S8-1,correlator,sweep,Frequency sweeps for delay determination LOW stations,,Charlotte Sobey,https://jira.skatelescope.org/browse/LCO-18,2024-10-01 04:13:11.064,764.69529604911,,,12.695,64,385,50.0,300.78125,,1.98180864,1,,,,,,,,385,411.69,
eb-t0001-20241001-00006,,adc-samples,synchronous,,,,,2024-10-01 05:30:00.000,5.12e-06,,,13.978,,,,,,1.25e-09,4096,,,,,,,,16,21.25,
eb-t0001-20241001-00007,,adc-samples,synchronous,,,,,2024-10-01 05:30:00.000,5.12e-06,,,13.978,,,,,,1.25e-09,4096,,,,,,,,16,21.25,
eb-t0001-20241001-00008,,beamformer,power,,,,,2024-10-01 08:00:57.925,58.32179737091,,,16.501,,384,,,,0.28311552,207,,,,,,,,1,6.37,
eb-t0001-20241001-00009,,beamformer,power,,,,,2024-10-01 08:07:41.223,86398.36323833466,,,16.614,,384,,,,0.28311552,305171,,,,,,,,1,1895.61,
eb-t0001-20241001-00010,,antenna-bandpass, ,,,,,2024-10-01 13:33:19.856,,,,22.056,,,,,,,,,,,,,,,16,537.78,
eb-t0001-20241001-00011,,antenna-bandpass, ,,,,,2024-10-01 15:48:54.274,,,,0.322,,,,,,,,,,,,,,,16,537.25,
eb-t0001-20241001-00012,,antenna-bandpass, ,,,,,2024-10-01 15:56:16.673,,,,0.445,,,,,,,,,,,,,,,16,537.25,
eb-t0001-20241001-00013,,antenna-bandpass, ,,,,,2024-10-01 15:59:06.070,,,,0.492,,,,,,,,,,,,,,,16,537.25,
eb-t0001-20241001-00014,,antenna-bandpass, ,,,,,2024-10-01 16:03:59.672,,,,0.574,,,,,,,,,,,,,,,16,537.25,
eb-t0001-20241001-00015,,antenna-bandpass, ,,,,,2024-10-01 16:12:53.166,,,,0.722,,,,,,,,,,,,,,,16,537.25,
eb-t0001-20241001-00016,,antenna-bandpass, ,,,,,2024-10-01 16:16:29.109,,,,0.783,,,,,,,,,,,,,,,16,537.25,
eb-t0001-20241001-00017,,antenna-bandpass, ,,,,,2024-10-01 16:22:02.371,,,,0.875,,,,,,,,,,,,,,,16,537.25,
eb-t0001-20241001-00022,,antenna-bandpass, ,,,,,2024-10-01 16:45:35.735,,,,1.269,,,,,,,,,,,,,,,16,537.25,
eb-t0001-20241001-00023,,antenna-bandpass, ,,,,,2024-10-01 16:51:34.194,,,,1.369,,,,,,,,,,,,,,,16,537.25,
eb-t0001-20241001-00024,,antenna-bandpass, ,,,,,2024-10-01 16:56:04.994,,,,1.444,,,,,,,,,,,,,,,16,537.25,
eb-t0001-20241001-00025,,antenna-bandpass, ,,,,,2024-10-01 17:01:35.872,,,,1.537,,,,,,,,,,,,,,,16,537.25,
eb-t0001-20241001-00028,,antenna-bandpass, ,,,,,2024-10-01 17:25:46.794,,,,1.941,,,,,,,,,,,,,,,16,537.25,
eb-t0001-20241002-00001,S8-6,correlator,sweep,Frequency sweeps for delay determination LOW stations,,Charlotte Sobey,https://jira.skatelescope.org/browse/LCO-19,2024-10-02 04:03:04.312,764.69529604911,,,12.591,64,385,50.0,300.78125,,1.98180864,1,,,,,,,,385,411.69,
eb-t0001-20241003-00001,,correlator,sweep,,,,,2024-10-03 04:12:37.000,1525.70981383324,,,12.817,64,385,50.0,300.78125,,1.98180864,2,,,,,,,,385,815.91,
eb-t0001-20241003-00003,S8-6,correlator,sweep,Frequency sweeps for delay determination LOW stations,,Charlotte Sobey,https://jira.skatelescope.org/browse/LCO-20,2024-10-03 04:48:48.053,764.69529604912,,,13.421,64,385,50.0,300.78125,,1.98180864,1,,,,,,,,385,411.69,
eb-t0001-20241003-00007,,beamformer,power,,,,,2024-10-03 07:53:25.966,1798.34978294373,,,16.507,,384,,,,0.28311552,6353,,,,,,,,1,44.4,
eb-t0001-20241004-00001,S8-6,correlator,sweep,Frequency sweeps for delay determination LOW stations,,Charlotte Sobey,https://jira.skatelescope.org/browse/LCO-21,2024-10-04 04:26:31.914,764.69529604912,,,13.115,64,385,50.0,300.78125,,1.98180864,1,,,,,,,,385,411.69,
eb-t0001-20241004-00002,,correlator,sweep,,,,,2024-10-04 04:51:09.193,764.6952958107,,,13.526,64,385,50.0,300.78125,,1.98180864,1,,,,,,,,385,411.69,
eb-t0001-20241005-00002,,beamformer,power,,,,,2024-10-05 06:30:53.884,180.34458637238,,,15.259,,384,,,,0.28311552,638,,,,,,,,1,6.37,
eb-t0001-20241007-00006,,correlator,sweep,,,,,2024-10-07 05:18:55.000,764.6952958107,,,14.187,64,385,50.0,300.78125,,1.98180864,1,,,,,,,,385,411.69,
eb-t0001-20241007-00007,,correlator,sweep,,,,,2024-10-07 06:05:46.000,764.69529604912,,,14.97,64,385,50.0,300.78125,,1.98180864,1,,,,,,,,385,411.69,
eb-t0001-20241007-00008,,correlator,sweep,,,,,2024-10-07 06:10:25.000,764.69529604911,,,15.048,64,385,50.0,300.78125,,1.98180864,1,,,,,,,,385,411.69,
eb-t0001-20241007-00009,,beamformer,power,,,,,2024-10-07 06:53:28.621,314.25822710991,,,15.768,,384,,,,0.28311552,1111,,,,,,,,1,12.71,
eb-t0001-20241007-00010,,correlator,sweep,,,,,2024-10-07 08:09:03.000,764.69529604912,,,17.031,64,384,50.0,300.0,,1.98180864,1,,,,,,,,384,410.62,
eb-t0001-20241007-00011,,correlator,sweep,,,,,2024-10-07 08:52:56.000,764.69529604912,,,17.764,64,385,50.0,300.78125,,1.98180864,1,,,,,,,,385,411.69,
eb-t0001-20241007-00012,,correlator,sweep,,,,,2024-10-07 08:57:39.000,1525.70981383324,,,17.843,64,385,50.0,300.78125,,1.98180864,2,,,,,,,,385,816.97,
eb-t0001-20241008-00003,,beamformer,power,,,,,2024-10-08 03:21:23.565,1318.32299518585,,,12.289,,384,,,,0.28311552,1656,,,,,,,,8,50.93,
eb-t0001-20241008-00006,,correlator,sweep,,,,,2024-10-08 08:14:12.000,764.6952958107,,,17.182,64,385,50.0,300.78125,,1.98180864,1,,,,,,,,385,411.69,
eb-t0001-20241008-00008,,adc-samples,synchronous,,,,,2024-10-08 08:29:20.972,5.12e-06,,,17.436,,,,,,1.25e-09,4096,,,,,,,,16,21.25,
eb-t0001-20241008-00009,,channel-voltages,sweep,,,,,2024-10-08 08:30:58.651,,,,17.463,,,,,,,,,,,,,,,16,537.25,
eb-t0001-20241008-00010,,correlator,sweep,,,,,2024-10-08 08:32:46.165,11.60801291466,,,17.493,64,5,50.0,3.90625,,1.98180864,1,,,,,,,,5,5.35,
eb-t0001-20241008-00011,,beamformer,power,,,,,2024-10-08 08:35:18.499,58.32179713249,,,17.535,,384,,,,0.28311552,207,,,,,,,,1,6.37,
eb-t0001-20241008-00012,,adc-samples,synchronous,,,,,2024-10-08 08:44:40.226,5.12e-06,,,17.692,,,,,,1.25e-09,4096,,,,,,,,16,21.25,
eb-t0001-20241008-00013,,channel-voltages,sweep,,,,,2024-10-08 08:46:21.136,,,,17.72,,,,,,,,,,,,,,,16,537.25,
eb-t0001-20241008-00014,,correlator,sweep,,,,,2024-10-08 08:48:13.800,11.60801291466,,,17.751,64,5,50.0,3.90625,,1.98180864,1,,,,,,,,5,5.35,
eb-t0001-20241008-00015,,beamformer,power,,,,,2024-10-08 08:50:46.932,58.32179689407,,,17.794,,384,,,,0.28311552,207,,,,,,,,1,6.37,
eb-t0001-20241008-00016,,channel-voltages,sweep,,,,,2024-10-08 09:09:07.798,,,,18.1,,,,,,,,,,,,,,,16,537.25,
eb-t0001-20241008-00017,,correlator,sweep,,,,,2024-10-08 09:11:08.150,11.60801267624,,,18.134,64,5,50.0,3.90625,,1.98180864,1,,,,,,,,5,5.35,
eb-t0001-20241008-00018,,beamformer,power,,,,,2024-10-08 09:13:48.733,58.32179713249,,,18.179,,384,,,,0.28311552,207,,,,,,,,1,6.37,
eb-t0001-20241009-00001,,beamformer,power,,,,,2024-10-09 01:10:42.565,13558.40446472168,,,10.171,,384,,,,0.28311552,128816,,,,,,,,8,304.52,
eb-t0001-20241009-00002,,adc-samples,synchronous,,,,,2024-10-09 01:26:28.677,5.12e-06,,,10.434,,,,,,1.25e-09,4096,,,,,,,,16,21.25,
eb-t0001-20241009-00003,,channel-voltages,sweep,,,,,2024-10-09 01:28:24.402,,,,10.466,,,,,,,,,,,,,,,16,537.25,
eb-t0001-20241009-00005,,beamformer,power,,,,,2024-10-09 01:32:55.911,58.32179713249,,,10.542,,384,,,,0.28311552,207,,,,,,,,1,6.37,
eb-t0001-20241009-00006,,correlator,sweep,,,,,2024-10-09 01:53:15.040,11.60801267624,,,10.882,64,5,50.0,3.90625,,1.98180864,1,,,,,,,,5,5.35,
eb-t0001-20241009-00007,,adc-samples,synchronous,,,,,2024-10-09 02:05:17.106,5.12e-06,,,11.083,,,,,,1.25e-09,4096,,,,,,,,16,21.25,
eb-t0001-20241009-00008,,channel-voltages,sweep,,,,,2024-10-09 02:07:16.118,,,,11.116,,,,,,,,,,,,,,,16,537.25,
eb-t0001-20241009-00009,,correlator,sweep,,,,,2024-10-09 02:09:37.022,11.60801291466,,,11.155,64,5,50.0,3.90625,,1.98180864,1,,,,,,,,5,5.35,
eb-t0001-20241009-00010,,beamformer,power,,,,,2024-10-09 02:12:17.364,58.32179737091,,,11.2,,384,,,,0.28311552,207,,,,,,,,1,6.37,
eb-t0001-20241009-00011,,correlator,sweep,,,,,2024-10-09 02:12:43.000,764.69529604912,,,11.207,64,385,50.0,300.78125,,1.98180864,1,,,,,,,,385,411.69,
eb-t0001-20241009-00012,,correlator,sweep,,,,,2024-10-09 04:44:12.661,764.69529604912,,,13.739,64,385,50.0,300.78125,,1.98180864,1,,,,,,,,385,411.69,
eb-t0001-20241009-00013,,correlator,sweep,,,,,2024-10-09 05:06:34.962,19.5352473259,,,14.113,200,9,156.25,7.03125,,1.98180864,1,,,,,,,,9,9.62,
eb-t0001-20241009-00014,,correlator,sweep,,,,,2024-10-09 05:19:58.549,19.5352473259,,,14.337,200,9,156.25,7.03125,,1.98180864,1,,,,,,,,9,9.62,
eb-t0001-20241009-00015,,correlator,sweep,,,,,2024-10-09 05:23:46.367,19.5352473259,,,14.4,200,9,156.25,7.03125,,1.98180864,1,,,,,,,,9,9.62,
eb-t0001-20241009-00016,,correlator,sweep,,,,,2024-10-09 05:26:59.536,19.53524756432,,,14.454,200,9,156.25,7.03125,,1.98180864,1,,,,,,,,9,9.62,
eb-t0001-20241009-00017,,correlator,sweep,,,,,2024-10-09 05:32:56.509,19.5352473259,,,14.553,200,8,156.25,6.25,,1.98180864,1,,,,,,,,8,8.55,
eb-t0001-20241009-00018,,correlator,sweep,,,,,2024-10-09 05:34:14.615,19.53524756432,,,14.575,200,9,156.25,7.03125,,1.98180864,1,,,,,,,,9,9.62,
eb-t0001-20241009-00020,,correlator,sweep,,,,,2024-10-09 05:43:58.461,19.5352473259,,,14.738,200,9,156.25,7.03125,,1.98180864,1,,,,,,,,9,9.62,
eb-t0001-20241009-00022,,correlator,sweep,,,,,2024-10-09 05:53:21.076,19.5352473259,,,14.894,200,9,156.25,7.03125,,1.98180864,1,,,,,,,,9,9.62,
eb-t0001-20241009-00023,S8-6,correlator,sweep,Frequency sweeps for delay determination LOW stations,Cal solution in shared/Randall/FreqSweep/2024-10-09T05:58:30/s8-6,Charlotte Sobey,https://jira.skatelescope.org/browse/LCO-23,2024-10-09 05:58:41.987,764.69529604912,,,14.984,64,385,50.0,300.78125,,1.98180864,1,,,,,,,,385,411.69,
eb-t0001-20241009-00024,,channel-voltages,sweep,,,,,2024-10-09 06:03:39.626,,,,15.067,,,,,,,,,,,,,,,16,537.25,
eb-t0001-20241009-00025,,adc-samples,synchronous,,,,,2024-10-09 06:19:39.430,5.12e-06,,,15.334,,,,,,1.25e-09,4096,,,,,,,,16,21.25,
eb-t0001-20241009-00026,,adc-samples,synchronous,,,,,2024-10-09 06:27:46.082,5.12e-06,,,15.469,,,,,,1.25e-09,4096,,,,,,,,16,21.25,
eb-t0001-20241009-00027,,adc-samples,synchronous,,,,,2024-10-09 06:32:26.281,5.12e-06,,,15.548,,,,,,1.25e-09,4096,,,,,,,,3,3.99,
eb-t0001-20241009-00028,,adc-samples,synchronous,,,,,2024-10-09 06:58:06.885,5.12e-06,,,15.977,,,,,,1.25e-09,4096,,,,,,,,2,2.66,
eb-t0001-20241009-00029,,adc-samples,synchronous,,,,,2024-10-09 07:04:54.507,5.12e-06,,,16.09,,,,,,1.25e-09,4096,,,,,,,,9,11.96,
eb-t0001-20241009-00031,,adc-samples,synchronous,,,,,2024-10-09 07:56:05.448,5.12e-06,,,16.946,,,,,,1.25e-09,4096,,,,,,,,2,2.66,
eb-t0001-20241009-00032,,correlator,sweep,,,,,2024-10-09 08:24:53.291,19.53524756432,,,17.427,200,9,156.25,7.03125,,1.98180864,1,,,,,,,,9,9.62,
eb-t0001-20241009-00033,,channel-voltages,sweep,,,,,2024-10-09 08:35:17.955,,,,17.601,,,,,,,,,,,,,,,16,537.25,
eb-t0001-20241009-00034,,adc-samples,synchronous,,,,,2024-10-09 08:50:03.177,5.12e-06,,,17.847,,,,,,1.25e-09,4096,,,,,,,,16,21.25,
eb-t0001-20241009-00035,,adc-samples,synchronous,,,,,2024-10-09 08:57:27.197,5.12e-06,,,17.971,,,,,,1.25e-09,4096,,,,,,,,32,42.51,
eb-t0001-20241009-00036,,adc-samples,synchronous,,,,,2024-10-09 09:10:22.197,5.12e-06,,,18.187,,,,,,1.25e-09,4096,,,,,,,,1,1.33,
eb-t0001-20241009-00037,,adc-samples,synchronous,,,,,2024-10-09 09:13:04.517,5.12e-06,,,18.232,,,,,,1.25e-09,4096,,,,,,,,2,2.66,
eb-t0001-20241009-00038,,correlator,sweep,,,,,2024-10-09 09:16:33.876,18.73337745667,,,18.29,200,9,156.25,7.03125,,1.98180864,1,,,,,,,,9,9.62,
eb-t0001-20241009-00039,,correlator,sweep,,,,,2024-10-09 09:22:28.335,18.73337769509,,,18.389,200,9,156.25,7.03125,,1.98180864,1,,,,,,,,9,9.62,
eb-t0001-20241009-00040,,adc-samples,synchronous,,,,,2024-10-09 10:35:58.006,5.12e-06,,,19.617,,,,,,1.25e-09,4096,,,,,,,,2,2.66,
eb-t0001-20241009-00041,,correlator,sweep,,,,,2024-10-09 14:07:44.028,19.5352473259,,,23.157,200,9,156.25,7.03125,,1.98180864,1,,,,,,,,9,9.62,
eb-t0001-20241009-00042,,correlator,sweep,,,,,2024-10-09 14:48:05.918,19.53524756432,,,23.831,200,9,156.25,7.03125,,1.98180864,1,,,,,,,,9,9.62,
eb-t0001-20241009-00043,,correlator,sweep,,,,,2024-10-09 15:09:49.787,19.53524756432,,,0.194,200,9,156.25,7.03125,,1.98180864,1,,,,,,,,9,9.62,
eb-t0001-20241009-00044,,correlator,sweep,,,,,2024-10-09 15:15:35.249,19.5352473259,,,0.291,200,9,156.25,7.03125,,1.98180864,1,,,,,,,,9,9.62,
eb-t0001-20241009-00045,,correlator,sweep,,,,,2024-10-09 16:06:55.603,19.53524756432,,,1.149,200,9,156.25,7.03125,,1.98180864,1,,,,,,,,9,9.62,
eb-t0001-20241009-00046,,correlator,sweep,,,,,2024-10-09 16:13:01.550,19.53524756431,,,1.25,200,9,156.25,7.03125,,1.98180864,1,,,,,,,,9,9.62,
eb-t0001-20241010-00002,,correlator,sweep,,,,,2024-10-10 04:07:41.123,764.69529604912,,,13.194,64,385,50.0,300.78125,,1.98180864,1,,,,,,,,385,411.69,
eb-t0001-20241011-00001,,correlator,sweep,,,,,2024-10-11 02:52:13.559,764.69529604911,,,11.999,64,385,50.0,300.78125,,1.98180864,1,,,,,,,,385,411.69,
eb-t0001-20241011-00005,,correlator,sweep,,,,,2024-10-11 04:34:47.000,764.6952958107,,,13.713,64,384,50.0,300.0,,1.98180864,1,,,,,,,,384,410.62,
eb-t0001-20241011-00006,,correlator,sweep,,,,,2024-10-11 06:21:50.683,763.84594964981,,,15.502,64,383,50.0,299.21875,,1.98180864,1,,,,,,,,383,409.55,
eb-t0001-20241014-00003,,correlator,sweep,,,,,2024-10-14 04:37:08.003,762.99632644654,,,13.949,64,385,50.0,300.78125,,1.98180864,1,,,,,,,,385,411.69,
eb-t0001-20241015-00006,,beamformer,power,,,,,2024-10-15 03:40:29.074,58.32179713249,,,13.068,,384,,,,0.28311552,207,,,,,,,,1,6.37,
eb-t0001-20241015-00007,,correlator,sweep,,,,,2024-10-15 04:01:06.000,764.69529604912,,,13.413,64,385,50.0,300.78125,,1.98180864,1,,,,,,,,385,411.69,
eb-t0001-20241015-00008,S8-6,correlator,sweep,Frequency sweeps for delay determination LOW stations,,Charlotte Sobey,https://jira.skatelescope.org/browse/LCO-25,2024-10-15 04:10:03.050,764.69529604911,,,13.562,64,384,50.0,300.0,,1.98180864,1,,,,,,,,384,410.62,
eb-t0001-20241015-00009,,beamformer,power,,,,,2024-10-15 04:24:08.921,1798.34978294373,,,13.798,,384,,,,0.28311552,6353,,,,,,,,1,44.4,
eb-t0001-20241015-00010,S8-1,correlator,sweep,Frequency sweeps for delay determination LOW stations,,Charlotte Sobey,https://jira.skatelescope.org/browse/LCO-26,2024-10-15 04:23:55.968,764.69529604911,,,13.794,64,385,50.0,300.78125,,1.98180864,1,,,,,,,,385,411.69,
eb-t0001-20241015-00011,,beamformer,power,,,,,2024-10-15 05:14:11.565,10018.40320515633,,,14.634,,384,,,,0.28311552,103384,,,,,,,,8,234.78,
eb-t0001-20241016-00004,S8-6,correlator,sweep,Frequency sweeps for delay determination LOW stations,MCCS may have had issues today: see thread. https://skao.slack.com/archives/C073G02LGHF/p1729044566399919?thread_ts=1728959641.003749&cid=C073G02LGHF,Charlotte Sobey,https://jira.skatelescope.org/browse/LCO-27,2024-10-16 03:43:22.014,762.99632644653,,,13.182,64,385,50.0,300.78125,,1.98180864,1,,,,,,,,385,411.69,fail
eb-t0001-20241017-00001,S8-1,correlator,sweep,Frequency sweeps for delay determination LOW stations,,Riley Keel,https://jira.skatelescope.org/browse/LCO-29,2024-10-17 04:33:53.560,764.69529604912,,,14.092,64,385,50.0,300.78125,,1.98180864,1,,,,,,,,385,411.69,
eb-t0001-20241017-00002,S8-6,correlator,sweep,Frequency sweeps for delay determination LOW stations,Ran into bug,Riley Keel,https://jira.skatelescope.org/browse/LCO-28,2024-10-17 04:33:52.700,449.58772230148,,,14.092,64,226,50.0,176.5625,,1.98180864,1,,,,,,,,226,241.66,fail
eb-t0001-20241017-00003,S8-6,correlator,sweep,Frequency sweeps for delay determination LOW stations,"Failed data capture, see successful eb-t0001-20241017-00004",Riley Keel,https://jira.skatelescope.org/browse/LCO-26,2024-10-17 04:41:31.891,305.19853043556,,,14.22,295,154,230.46875,120.3125,,1.98180864,1,,,,,,,,154,164.67,fail
eb-t0001-20241017-00004,S8-6,correlator,sweep,Frequency sweeps for delay determination LOW stations,Repeat of eb-t0001-20241017-00002,Riley Keel,https://jira.skatelescope.org/browse/LCO-28,2024-10-17 05:04:00.211,764.69529604911,,,14.595,64,385,50.0,300.78125,,1.98180864,1,,,,,,,,385,411.69,
eb-t0001-20241018-00003,,antenna-bandpass, ,,,,,2024-10-18 05:38:45.132,,,,15.242,,,,,,,,,,,,,,,16,537.38,
eb-t0001-20241021-00005,S9-2,correlator,sweep,Frequency sweeps for delay determination LOW stations,,Riley Keel,https://jira.skatelescope.org/browse/LCO-30,2024-10-21 04:47:45.192,764.69529604912,,,14.587,64,385,50.0,300.78125,,1.98180864,1,,,,,,,,385,411.69,
eb-t0001-20241021-00006,S8-6,correlator,sweep,Frequency sweeps for delay determination LOW stations,,Riley Keel,https://jira.skatelescope.org/browse/LCO-31,2024-10-21 05:38:16.970,764.69529604911,,,15.431,64,385,50.0,300.78125,,1.98180864,1,,,,,,,,385,411.69,
eb-t0001-20241021-00007,,correlator,sweep,,,,,2024-10-21 06:50:05.000,764.69529604912,,,16.631,64,384,50.0,300.0,,1.98180864,1,,,,,,,,384,410.62,
eb-t0001-20241021-00011,,correlator,sweep,,,,,2024-10-21 13:21:30.000,764.69529604911,,,23.172,64,385,50.0,300.78125,,1.98180864,1,,,,,,,,385,411.69,
eb-t0001-20241021-00012,,beamformer,power,,,,,2024-10-21 13:45:19.565,10977.83746576309,,,23.571,,384,,,,0.28311552,120336,,,,,,,,8,253.79,
eb-t0001-20241023-00005,,correlator,sweep,,,,,2024-10-23 06:48:06.000,764.69529604912,,,16.729,64,385,50.0,300.78125,,1.98180864,1,,,,,,,,385,411.69,
eb-t0001-20241023-00013,,channel-voltages,sweep,,,,,2024-10-23 09:07:01.157,,,,19.051,,,,,,,,,,,,,,,16,537.25,
eb-t0001-20241024-00001,,antenna-bandpass, ,,,,,2024-10-24 00:11:43.261,,,,10.171,,,,,,,,,,,,,,,16,537.51,
eb-t0001-20241024-00002,,antenna-bandpass, ,,,,,2024-10-24 01:06:04.766,,,,11.079,,,,,,,,,,,,,,,16,537.32,
eb-t0001-20241024-00004,,antenna-bandpass, ,,,,,2024-10-24 02:18:47.712,,,,12.294,,,,,,,,,,,,,,,16,537.51,
eb-t0001-20241024-00005,,antenna-bandpass, ,,,,,2024-10-24 04:04:02.827,,,,14.053,,,,,,,,,,,,,,,16,537.25,
eb-t0001-20241024-00008,,correlator,fixed,,,,,2024-10-25 05:45:59.007,1.98180866241,,,19.601,204,1,159.375,0.78125,,1.98180864,1,,,,,,,,243,259.84,
eb-t0001-20241025-00001,,correlator,sweep,,,,,2024-10-25 00:25:23.828,764.69529604911,,,10.465,64,385,50.0,300.78125,,1.98180864,1,,,,,,,,385,411.69,
eb-t0001-20241025-00002,,correlator,sweep,,,,,2024-10-25 00:25:23.828,764.69529604911,,,10.465,64,385,50.0,300.78125,,1.98180864,1,,,,,,,,385,411.69,
eb-t0001-20241025-00003,,correlator,sweep,,,,,2024-10-25 04:20:54.000,764.69529604911,,,14.401,64,385,50.0,300.78125,,1.98180864,1,,,,,,,,385,411.69,
eb-t0001-20241025-00004,,correlator,sweep,,,,,2024-10-25 06:13:19.000,764.69529604912,,,16.279,64,385,50.0,300.78125,,1.98180864,1,,,,,,,,385,411.69,
eb-t0001-20241025-00005,,correlator,sweep,,,,,2024-10-25 07:17:59.300,764.69529604911,,,17.36,64,385,50.0,300.78125,,1.98180864,1,,,,,,,,385,411.69,
eb-t0001-20241028-00003,,correlator,sweep,,,,,2024-10-28 03:01:35.000,764.69529604911,,,13.272,64,385,50.0,300.78125,,1.98180864,1,,,,,,,,385,411.69,
eb-t0001-20241028-00005,,beamformer,power,,,,,2024-10-28 03:23:07.734,795.55461120605,,,13.632,,384,,,,0.28311552,2811,,,,,,,,1,19.05,
eb-t0001-20241028-00007,,beamformer,power,,,,,2024-10-28 04:03:30.698,1423.50483465195,,,14.307,,384,,,,0.28311552,5029,,,,,,,,1,31.72,
eb-t0001-20241028-00009,,beamformer,power,,,,,2024-10-28 04:36:49.582,1197.57864975929,,,14.864,,384,,,,0.28311552,4231,,,,,,,,1,31.72,
eb-t0001-20241028-00011,,correlator,sweep,,,,,2024-10-28 06:38:39.000,764.69529604911,,,16.9,64,385,50.0,300.78125,,1.98180864,1,,,,,,,,385,411.69,
eb-t0001-20241028-00012,,beamformer,power,,,,,2024-10-28 07:00:26.559,1797.78355193138,,,17.264,,384,,,,0.28311552,6351,,,,,,,,1,44.4,
eb-t0001-20241028-00014,,beamformer,power,,,,,2024-10-28 07:46:33.474,1797.7835521698,,,18.035,,384,,,,0.28311552,6351,,,,,,,,1,44.4,
eb-t0001-20241028-00015,,correlator,sweep,,,,,2024-10-28 08:32:58.207,764.69529604912,,,18.81,64,385,50.0,300.78125,,1.98180864,1,,,,,,,,385,411.69,
eb-t0001-20241028-00016,,correlator,sweep,,,,,2024-10-28 08:32:58.207,764.69529604912,,,18.81,64,385,50.0,300.78125,,1.98180864,1,,,,,,,,385,411.69,
eb-t0001-20241029-00002,,correlator,sweep,,,,,2024-10-29 04:07:41.000,1525.70981359481,,,14.443,64,385,50.0,300.78125,,1.98180864,2,,,,,,,,385,816.97,
eb-t0001-20241029-00003,,correlator,sweep,,,,,2024-10-29 05:23:09.000,1525.70981383324,,,15.704,64,385,50.0,300.78125,,1.98180864,2,,,,,,,,385,812.76,
eb-t0001-20241029-00005,,correlator,sweep,,,,,2024-10-29 06:39:04.000,491.20570373535,,,16.972,64,124,50.0,96.875,,1.98180864,2,,,,,,,,125,263.14,
eb-t0001-20241029-00013,,adc-samples,synchronous,,,,,2024-10-29 07:20:46.922,5.12e-06,,,17.67,,,,,,1.25e-09,4096,,,,,,,,16,21.25,
eb-t0001-20241029-00014,,channel-voltages,sweep,,,,,2024-10-29 07:21:31.875,,,,17.682,,,,,,,,,,,,,,,16,537.25,
eb-t0001-20241029-00015,,beamformer,power,,,,,2024-10-29 07:24:53.451,57.47245073318,,,17.738,,384,,,,0.28311552,204,,,,,,,,1,6.37,
eb-t0001-20241029-00016,,beamformer,power,,,,,2024-10-29 07:29:20.706,58.32179689407,,,17.813,,384,,,,0.28311552,207,,,,,,,,1,6.37,
eb-t0001-20241029-00017,,beamformer,power,,,,,2024-10-29 07:32:22.453,57.75556612015,,,17.863,,384,,,,0.28311552,205,,,,,,,,1,6.37,
eb-t0001-20241029-00018,,beamformer,power,,,,,2024-10-29 07:36:31.858,58.32179737091,,,17.933,,384,,,,0.28311552,207,,,,,,,,1,6.37,
eb-t0001-20241029-00019,,beamformer,power,,,,,2024-10-29 08:03:56.748,598.50620913506,,,18.391,,384,,,,0.28311552,2115,,,,,,,,1,19.05,
eb-t0001-20241030-00002,,adc-samples,synchronous,,,,,2024-10-30 02:54:05.290,5.12e-06,,,13.278,,,,,,1.25e-09,4096,,,,,,,,11,14.61,
eb-t0001-20241030-00003,,antenna-bandpass, ,,,,,2024-10-30 03:24:12.972,,,,13.782,,,,,,,,,,,,,,,16,537.25,
eb-t0001-20241030-00004,,antenna-bandpass, ,,,,,2024-10-30 03:30:58.892,,,,13.895,,,,,,,,,,,,,,,16,537.32,
eb-t0001-20241030-00005,,correlator,sweep,,,,,2024-10-30 03:31:08.890,764.69529604911,,,13.898,64,385,50.0,300.78125,,1.98180864,1,,,,,,,,385,411.69,
eb-t0001-20241030-00008,,correlator,sweep,,,,,2024-10-30 05:06:45.206,764.69529604911,,,15.495,64,385,50.0,300.78125,,1.98180864,1,,,,,,,,385,411.69,
eb-t0001-20241030-00010,,correlator,sweep,,,,,2024-10-30 05:36:54.533,764.69529604912,,,15.999,64,385,50.0,300.78125,,1.98180864,1,,,,,,,,385,411.69,
eb-t0001-20241030-00011,,correlator,sweep,,,,,2024-10-30 05:50:44.000,764.6952958107,,,16.23,64,385,50.0,300.78125,,1.98180864,1,,,,,,,,385,411.69,
eb-t0001-20241030-00012,,beamformer,power,,,,,2024-10-30 06:01:21.926,1798.34978294373,,,16.408,,384,,,,0.28311552,6353,,,,,,,,1,44.4,
eb-t0001-20241030-00013,,beamformer,power,,,,,2024-10-30 06:36:45.843,8.49346542358,,,17.0,,384,,,,0.28311552,31,,,,,,,,1,6.37,
eb-t0001-20241030-00014,,beamformer,power,,,,,2024-10-30 06:38:32.611,1197.57864975929,,,17.029,,384,,,,0.28311552,4231,,,,,,,,1,31.72,
eb-t0001-20241030-00015,,beamformer,power,,,,,2024-10-30 07:00:35.614,57.75556588173,,,17.398,,384,,,,0.28311552,205,,,,,,,,1,6.37,
eb-t0001-20241030-00024,,beamformer,power,,,,,2024-10-30 07:37:44.720,57.47245049477,,,18.019,,384,,,,0.28311552,204,,,,,,,,1,6.37,
eb-t0001-20241030-00025,,beamformer,power,,,,,2024-10-30 07:40:05.908,1251.37059831619,,,18.058,,384,,,,0.28311552,4421,,,,,,,,1,31.72,
eb-t0001-20241031-00005,,beamformer,power,,,,,2024-10-31 00:55:26.450,57.75556612015,,,11.361,,384,,,,0.28311552,205,,,,,,,,1,6.37,
eb-t0001-20241031-00006,,correlator,sweep,,,,,2024-10-31 04:52:03.000,764.69529604911,,,15.315,64,385,50.0,300.78125,,1.98180864,1,,,,,,,,385,411.69,
eb-t0001-20241101-00002,,correlator,sweep,,,,,2024-11-01 02:35:33.000,764.69529581071,,,13.1,64,385,50.0,300.78125,,1.98180864,1,,,,,,,,385,411.69,
eb-t0001-20241101-00004,,beamformer,power,,,,,2024-11-01 03:00:48.122,1798.06666755676,,,13.522,,384,,,,0.28311552,6352,,,,,,,,1,44.4,
eb-t0001-20241101-00006,,correlator,sweep,,,,,2024-11-01 04:05:53.814,763.8459494114,,,14.61,64,384,50.0,300.0,,1.98180864,1,,,,,,,,384,410.62,
eb-t0001-20241101-00007,S8-6,correlator,sweep,Frequency sweeps for delay determination LOW stations,,Charlotte Sobey,https://jira.skatelescope.org/browse/LCO-37,2024-11-01 04:19:13.735,764.69529604911,,,14.833,64,385,50.0,300.78125,,1.98180864,1,,,,,,,,385,411.69,
eb-t0001-20241101-00008,S9-2,correlator,sweep,Frequency sweeps for delay determination LOW stations,,Charlotte Sobey,https://jira.skatelescope.org/browse/LCO-38,2024-11-01 04:28:15.272,764.69529604911,,,14.983,64,382,50.0,298.4375,,1.98180864,1,,,,,,,,382,408.48,
eb-t0001-20241101-00009,,beamformer,power,,,,,2024-11-01 05:05:49.577,597.65686273575,,,15.611,,384,,,,0.28311552,2112,,,,,,,,1,19.05,
eb-t0001-20241101-00010,,beamformer,power,,,,,2024-11-01 05:19:31.751,231.58849549294,,,15.84,,384,,,,0.28311552,819,,,,,,,,1,6.37,
eb-t0001-20241101-00011,,beamformer,power,,,,,2024-11-01 05:47:56.799,1798.34978294373,,,16.315,,384,,,,0.28311552,6353,,,,,,,,1,44.4,
eb-t0001-20241101-00016,,beamformer,power,,,,,2024-11-01 07:42:12.912,598.50620937347,,,18.225,,384,,,,0.28311552,2115,,,,,,,,1,19.05,
eb-t0001-20241101-00017,,beamformer,power,,,,,2024-11-01 08:04:27.943,3598.3982591629,,,18.597,,384,,,,0.28311552,12711,,,,,,,,1,82.45,
eb-t0001-20241104-00004,,correlator,sweep,,,,,2024-11-04 02:39:00.593,762.99632644653,,,13.355,64,385,50.0,300.78125,,1.98180864,1,,,,,,,,385,411.69,
eb-t0001-20241104-00006,,correlator,sweep,,,,,2024-11-04 03:05:34.038,764.69529604911,,,13.799,64,385,50.0,300.78125,,1.98180864,1,,,,,,,,385,411.69,
eb-t0001-20241104-00007,,beamformer,power,,,,,2024-11-04 03:22:27.863,1798.34978294373,,,14.081,,384,,,,0.28311552,6353,,,,,,,,1,44.4,
eb-t0001-20241104-00009,,beamformer,power,,,,,2024-11-04 04:15:54.566,1317.75455236435,,,14.974,,384,,,,0.28311552,1640,,,,,,,,8,50.93,
eb-t0001-20241104-00010,,beamformer,power,,,,,2024-11-04 07:25:22.566,1797.77470469475,,,18.141,,384,,,,0.28311552,3336,,,,,,,,8,50.93,
eb-t0001-20241104-00011,,beamformer,power,,,,,2024-11-04 12:00:59.565,4018.54169082642,,,22.747,,384,,,,0.28311552,14195,,,,,,,,1,88.79,
eb-t0001-20241105-00001,,correlator,sweep,,,,,2024-11-05 02:32:33.497,764.69529604911,,,13.313,64,385,50.0,300.78125,,1.98180864,1,,,,,,,,385,411.69,
eb-t0001-20241105-00002,,correlator,sweep,,,,,2024-11-05 03:00:27.377,764.69529604911,,,13.779,64,385,50.0,300.78125,,1.98180864,1,,,,,,,,385,411.69,
eb-t0001-20241105-00003,,beamformer,power,,,,,2024-11-05 03:39:00.565,1797.7835521698,,,14.423,,384,,,,0.28311552,6351,,,,,,,,1,44.4,
eb-t0001-20241105-00004,,beamformer,power,,,,,2024-11-05 04:12:25.974,1798.34978318214,,,14.982,,384,,,,0.28311552,6353,,,,,,,,1,44.4,
eb-t0001-20241105-00005,,beamformer,power,,,,,2024-11-05 04:48:19.325,118.05917191505,,,15.582,,384,,,,0.28311552,418,,,,,,,,1,6.37,
eb-t0001-20241105-00006,,beamformer,power,,,,,2024-11-05 04:59:37.729,117.49294090271,,,15.771,,384,,,,0.28311552,416,,,,,,,,1,6.37,
eb-t0001-20241105-00007,,beamformer,power,,,,,2024-11-05 05:02:51.177,118.05917191505,,,15.825,,384,,,,0.28311552,418,,,,,,,,1,6.37,
eb-t0001-20241105-00008,,beamformer,power,,,,,2024-11-05 05:07:54.437,117.77605652809,,,15.909,,384,,,,0.28311552,417,,,,,,,,1,6.37,
eb-t0001-20241105-00009,,beamformer,power,,,,,2024-11-05 05:12:51.169,118.05917191505,,,15.992,,384,,,,0.28311552,418,,,,,,,,1,6.37,
eb-t0001-20241105-00010,,correlator,sweep,,,,,2024-11-05 05:28:24.128,764.69529604911,,,16.251,64,385,50.0,300.78125,,1.98180864,1,,,,,,,,385,411.69,
eb-t0001-20241105-00011,,correlator,sweep,,,,,2024-11-05 06:16:01.169,764.6952958107,,,17.047,64,385,50.0,300.78125,,1.98180864,1,,,,,,,,385,411.69,
eb-t0001-20241105-00012,,correlator,sweep,,,,,2024-11-05 06:33:17.236,764.69529604912,,,17.336,64,385,50.0,300.78125,,1.98180864,1,,,,,,,,385,411.69,
eb-t0001-20241105-00013,,beamformer,power,,,,,2024-11-05 07:04:08.415,117.77605628967,,,17.852,,384,,,,0.28311552,417,,,,,,,,1,6.37,
eb-t0001-20241105-00014,,beamformer,power,,,,,2024-11-05 07:07:44.955,598.22309398651,,,17.912,,384,,,,0.28311552,2114,,,,,,,,1,19.05,
eb-t0001-20241105-00015,,beamformer,power,,,,,2024-11-05 07:20:25.469,117.77605628967,,,18.124,,384,,,,0.28311552,417,,,,,,,,1,6.37,
eb-t0001-20241105-00016,,beamformer,power,,,,,2024-11-05 07:26:29.817,598.50620937347,,,18.225,,384,,,,0.28311552,2115,,,,,,,,1,19.05,
eb-t0001-20241105-00017,,beamformer,power,,,,,2024-11-05 07:40:39.128,598.22309374809,,,18.462,,384,,,,0.28311552,2114,,,,,,,,1,19.05,
eb-t0001-20241105-00018,,beamformer,power,,,,,2024-11-05 08:02:29.703,598.50620937347,,,18.827,,384,,,,0.28311552,2115,,,,,,,,1,19.05,
eb-t0001-20241106-00001,,correlator,sweep,,,,,2024-11-06 01:06:01.000,764.69529604911,,,11.932,64,385,50.0,300.78125,,1.98180864,1,,,,,,,,385,411.69,
eb-t0001-20241106-00002,,correlator,sweep,,,,,2024-11-06 01:29:40.000,764.69529604912,,,12.327,64,385,50.0,300.78125,,1.98180864,1,,,,,,,,385,411.69,
eb-t0001-20241106-00005,,correlator,sweep,,,,,2024-11-06 02:21:25.000,764.69529604911,,,13.192,64,385,50.0,300.78125,,1.98180864,1,,,,,,,,385,411.69,
eb-t0001-20241106-00006,,beamformer,power,,,,,2024-11-06 02:51:53.661,598.50620913506,,,13.702,,384,,,,0.28311552,2115,,,,,,,,1,19.05,
eb-t0001-20241106-00008,,beamformer,power,,,,,2024-11-06 03:08:55.753,598.50620937347,,,13.986,,384,,,,0.28311552,2115,,,,,,,,1,19.05,
eb-t0001-20241106-00009,,beamformer,power,,,,,2024-11-06 03:24:25.566,3237.8373734951,,,14.245,,384,,,,0.28311552,8424,,,,,,,,8,101.65,
eb-t0001-20241106-00010,,correlator,sweep,,,,,2024-11-06 04:28:43.000,764.69529604911,,,15.32,64,385,50.0,300.78125,,1.98180864,1,,,,,,,,385,411.69,
eb-t0001-20241106-00011,,beamformer,power,,,,,2024-11-06 04:59:45.566,3470.71315956116,,,15.839,,384,,,,0.28311552,12260,,,,,,,,1,76.1,
eb-t0001-20241106-00012,,beamformer,power,,,,,2024-11-06 05:59:34.833,598.50620937347,,,16.838,,384,,,,0.28311552,2115,,,,,,,,1,19.05,
eb-t0001-20241106-00013,,beamformer,power,,,,,2024-11-06 06:14:11.206,298.12064266205,,,17.082,,384,,,,0.28311552,1054,,,,,,,,1,12.71,
eb-t0001-20241106-00014,,beamformer,power,,,,,2024-11-06 06:24:26.635,297.55441141129,,,17.254,,384,,,,0.28311552,1052,,,,,,,,1,12.71,
eb-t0001-20241106-00015,,beamformer,power,,,,,2024-11-06 06:33:21.606,297.5544116497,,,17.403,,384,,,,0.28311552,1052,,,,,,,,1,12.71,
eb-t0001-20241106-00016,,beamformer,power,,,,,2024-11-06 06:43:25.565,952.68151307106,,,17.571,,384,,,,0.28311552,3159,,,,,,,,3,31.78,
eb-t0001-20241106-00017,,beamformer,power,,,,,2024-11-06 07:20:08.566,1317.75455212593,,,18.185,,384,,,,0.28311552,1640,,,,,,,,8,50.93,
eb-t0001-20241106-00019,,beamformer,power,,,,,2024-11-06 14:07:38.566,4602.73287177086,,,0.995,,384,,,,0.28311552,34311,,,,,,,,3,107.86,
eb-t0001-20241106-00020,,beamformer,power,,,,,2024-11-06 22:47:37.565,8626.70241785049,,,9.685,,384,,,,0.28311552,68016,,,,,,,,3,196.61,
eb-t0001-20241107-00001,,beamformer,power,,,,,2024-11-07 01:22:52.643,598.50620937347,,,12.28,,384,,,,0.28311552,2115,,,,,,,,1,19.05,
eb-t0001-20241107-00002,,beamformer,power,,,,,2024-11-07 01:39:22.585,1797.78355193138,,,12.555,,384,,,,0.28311552,6351,,,,,,,,1,44.4,
eb-t0001-20241107-00003,,beamformer,power,,,,,2024-11-07 02:10:01.880,1198.4279961586,,,13.068,,384,,,,0.28311552,4234,,,,,,,,1,31.72,
eb-t0001-20241107-00004,,correlator,sweep,,,,,2024-11-07 03:21:15.000,764.69529604912,,,14.258,64,385,50.0,300.78125,,1.98180864,1,,,,,,,,385,411.69,
eb-t0001-20241107-00007,,beamformer,power,,,,,2024-11-07 03:54:53.280,1798.06666755676,,,14.82,,384,,,,0.28311552,6352,,,,,,,,1,44.4,
eb-t0001-20241107-00008,,beamformer,power,,,,,2024-11-07 04:25:33.120,1798.06666731834,,,15.333,,384,,,,0.28311552,6352,,,,,,,,1,44.4,
eb-t0001-20241107-00009,,beamformer,power,,,,,2024-11-07 05:54:16.903,1798.34978294373,,,16.815,,384,,,,0.28311552,6353,,,,,,,,1,44.4,
eb-t0001-20241107-00010,,beamformer,power,,,,,2024-11-07 06:32:05.473,793.85591816902,,,17.447,,384,,,,0.28311552,2805,,,,,,,,1,19.05,
eb-t0001-20241107-00011,,beamformer,power,,,,,2024-11-07 06:58:40.196,1798.06666755676,,,17.892,,384,,,,0.28311552,6352,,,,,,,,1,44.4,
eb-t0001-20241107-00012,,beamformer,power,,,,,2024-11-07 07:29:17.054,660.22539258003,,,18.403,,384,,,,0.28311552,2333,,,,,,,,1,19.05,
eb-t0001-20241107-00013,,beamformer,power,,,,,2024-11-07 07:53:22.582,1797.78355193138,,,18.806,,384,,,,0.28311552,6351,,,,,,,,1,44.4,
eb-t0001-20241107-00015,,beamformer,power,,,,,2024-11-07 10:44:32.564,4437.83798789978,,,21.666,,384,,,,0.28311552,16896,,,,,,,,8,127.01,
eb-t0001-20241108-00005,,correlator,sweep,,,,,2024-11-08 06:19:56.595,82.95312380791,,,17.31,64,41,50.0,32.03125,,1.98180864,1,,,,,,,,41,43.84,
eb-t0001-20241108-00006,,correlator,sweep,,,,,2024-11-08 06:55:55.512,203.84345078469,,,17.911,64,102,50.0,79.6875,,1.98180864,1,,,,,,,,102,109.07,
